title,link,date
"

              From A Rithm Instructor: Technical Job Search Blockers
            


March 12, 2021

",/blog/rithm-instructor-technical-job-search-blockers,2021-03-12 00:07:16 UTC
"

              Coming Up in Python: `match`
            


March 03, 2021

",/blog/coming-up-in-python-match,2021-03-03 22:38:07 UTC
"

              2021 Rithm School Scholarships
            


February 24, 2021

",/blog/2021-rithm-school-scholarships,2021-02-24 01:04:55 UTC
"

              6 Tips To Push Through The Discomfort Of The Job Search
            


February 17, 2021

",/blog/push-through-discomfort-of-the-job-search,2021-02-17 00:17:32 UTC
"

              Our Updated Interview Process
            


January 25, 2021

",/blog/our-updated-interview-process,2021-01-25 20:19:48 UTC
"

              Using The JavaScript Ternary Operator Effectively
            


November 09, 2020

",/blog/using-the-javascript-ternary-operator,2020-11-09 00:00:00 UTC
